-- phpMyAdmin SQL Dump
-- version 4.6.6
-- https://www.phpmyadmin.net/
--
-- Host: 127.0.0.1:3306
-- Generation Time: Dec 03, 2017 at 03:09 PM
-- Server version: 5.6.35
-- PHP Version: 7.1.1

SET SQL_MODE = "NO_AUTO_VALUE_ON_ZERO";
SET time_zone = "+00:00";


/*!40101 SET @OLD_CHARACTER_SET_CLIENT=@@CHARACTER_SET_CLIENT */;
/*!40101 SET @OLD_CHARACTER_SET_RESULTS=@@CHARACTER_SET_RESULTS */;
/*!40101 SET @OLD_COLLATION_CONNECTION=@@COLLATION_CONNECTION */;
/*!40101 SET NAMES utf8mb4 */;

--
-- Database: `coursera_javascript_jquery_and_json`
--

-- --------------------------------------------------------

--
-- Table structure for table `education`
--

CREATE TABLE `education` (
  `profile_id` int(11) NOT NULL DEFAULT '0',
  `institution_id` int(11) NOT NULL DEFAULT '0',
  `rank` int(11) DEFAULT NULL,
  `year` int(11) DEFAULT NULL
) ENGINE=InnoDB DEFAULT CHARSET=utf8;

--
-- Dumping data for table `education`
--

INSERT INTO `education` (`profile_id`, `institution_id`, `rank`, `year`) VALUES
(13, 2, 2, 1999),
(13, 3, 1, 1998),
(18, 10, 1, 1995),
(18, 12, 2, 1966),
(19, 1, 3, 1950),
(19, 4, 1, 1940),
(19, 15, 2, 1930);

-- --------------------------------------------------------

--
-- Table structure for table `institution`
--

CREATE TABLE `institution` (
  `institution_id` int(11) NOT NULL,
  `name` varchar(255) DEFAULT NULL
) ENGINE=InnoDB DEFAULT CHARSET=utf8;

--
-- Dumping data for table `institution`
--

INSERT INTO `institution` (`institution_id`, `name`) VALUES
(11, 'Buena Vista Porto'),
(12, 'Buena Vista Porto New'),
(6, 'Duke University'),
(15, 'Harvard'),
(10, 'Liberta Lisabon'),
(7, 'Michigan State University'),
(8, 'Mississippi State University'),
(14, 'MIT'),
(9, 'Montana State University'),
(13, 'School'),
(5, 'Stanford University'),
(4, 'University of Cambridge'),
(1, 'University of Michigan'),
(3, 'University of Oxford'),
(2, 'University of Virginia');

-- --------------------------------------------------------

--
-- Table structure for table `position`
--

CREATE TABLE `position` (
  `position_id` int(11) NOT NULL,
  `profile_id` int(11) DEFAULT NULL,
  `rank` int(11) DEFAULT NULL,
  `year` int(11) DEFAULT NULL,
  `description` text
) ENGINE=InnoDB DEFAULT CHARSET=utf8;

--
-- Dumping data for table `position`
--

INSERT INTO `position` (`position_id`, `profile_id`, `rank`, `year`, `description`) VALUES
(1, 13, 1, 2002, 'Position 1'),
(2, 13, 2, 2004, 'Position 2'),
(3, 13, 3, 2005, 'Position 3'),
(11, 18, 1, 200, 'Position Manchester United ans');

-- --------------------------------------------------------

--
-- Table structure for table `profile`
--

CREATE TABLE `profile` (
  `profile_id` int(11) NOT NULL,
  `user_id` int(11) NOT NULL,
  `first_name` text,
  `last_name` text,
  `email` text,
  `headline` text,
  `summary` text
) ENGINE=InnoDB DEFAULT CHARSET=utf8;

--
-- Dumping data for table `profile`
--

INSERT INTO `profile` (`profile_id`, `user_id`, `first_name`, `last_name`, `email`, `headline`, `summary`) VALUES
(2, 1, 'Ivan', 'Nenadovic', 'admin@admin.com', 'PHP Web Developer', 'Summary'),
(13, 1, 'Lionel', 'Messi', 'admin@admin.com', 'Barcelona Footballer of the year', 'Summary'),
(18, 1, 'Christianno', 'Ronaldo', 'admin@admin.com', 'Real Mardid', 'Summary Madrid'),
(19, 1, 'Nikola', 'Tesla', 'admin@admin.com', 'Scientist', 'Scientist Summary');

-- --------------------------------------------------------

--
-- Table structure for table `users`
--

CREATE TABLE `users` (
  `user_id` int(11) NOT NULL,
  `name` varchar(128) DEFAULT NULL,
  `email` varchar(128) DEFAULT NULL,
  `password` varchar(128) DEFAULT NULL
) ENGINE=InnoDB DEFAULT CHARSET=utf8;

--
-- Dumping data for table `users`
--

INSERT INTO `users` (`user_id`, `name`, `email`, `password`) VALUES
(1, 'Chuck', 'csev@umich.edu', '1a52e17fa899cf40fb04cfc42e6352f1');

--
-- Indexes for dumped tables
--

--
-- Indexes for table `education`
--
ALTER TABLE `education`
  ADD PRIMARY KEY (`profile_id`,`institution_id`),
  ADD KEY `education_ibfk_2` (`institution_id`);

--
-- Indexes for table `institution`
--
ALTER TABLE `institution`
  ADD PRIMARY KEY (`institution_id`),
  ADD UNIQUE KEY `name` (`name`);

--
-- Indexes for table `position`
--
ALTER TABLE `position`
  ADD PRIMARY KEY (`position_id`),
  ADD KEY `position_ibfk_1` (`profile_id`);

--
-- Indexes for table `profile`
--
ALTER TABLE `profile`
  ADD PRIMARY KEY (`profile_id`),
  ADD KEY `profile_ibfk_2` (`user_id`);

--
-- Indexes for table `users`
--
ALTER TABLE `users`
  ADD PRIMARY KEY (`user_id`),
  ADD KEY `email` (`email`),
  ADD KEY `password` (`password`);

--
-- AUTO_INCREMENT for dumped tables
--

--
-- AUTO_INCREMENT for table `institution`
--
ALTER TABLE `institution`
  MODIFY `institution_id` int(11) NOT NULL AUTO_INCREMENT, AUTO_INCREMENT=16;
--
-- AUTO_INCREMENT for table `position`
--
ALTER TABLE `position`
  MODIFY `position_id` int(11) NOT NULL AUTO_INCREMENT, AUTO_INCREMENT=12;
--
-- AUTO_INCREMENT for table `profile`
--
ALTER TABLE `profile`
  MODIFY `profile_id` int(11) NOT NULL AUTO_INCREMENT, AUTO_INCREMENT=20;
--
-- AUTO_INCREMENT for table `users`
--
ALTER TABLE `users`
  MODIFY `user_id` int(11) NOT NULL AUTO_INCREMENT, AUTO_INCREMENT=2;
--
-- Constraints for dumped tables
--

--
-- Constraints for table `education`
--
ALTER TABLE `education`
  ADD CONSTRAINT `education_ibfk_1` FOREIGN KEY (`profile_id`) REFERENCES `profile` (`profile_id`) ON DELETE CASCADE ON UPDATE CASCADE,
  ADD CONSTRAINT `education_ibfk_2` FOREIGN KEY (`institution_id`) REFERENCES `institution` (`institution_id`) ON DELETE CASCADE ON UPDATE CASCADE;

--
-- Constraints for table `position`
--
ALTER TABLE `position`
  ADD CONSTRAINT `position_ibfk_1` FOREIGN KEY (`profile_id`) REFERENCES `profile` (`profile_id`) ON DELETE CASCADE ON UPDATE CASCADE;

--
-- Constraints for table `profile`
--
ALTER TABLE `profile`
  ADD CONSTRAINT `profile_ibfk_2` FOREIGN KEY (`user_id`) REFERENCES `users` (`user_id`) ON DELETE CASCADE ON UPDATE CASCADE;

/*!40101 SET CHARACTER_SET_CLIENT=@OLD_CHARACTER_SET_CLIENT */;
/*!40101 SET CHARACTER_SET_RESULTS=@OLD_CHARACTER_SET_RESULTS */;
/*!40101 SET COLLATION_CONNECTION=@OLD_COLLATION_CONNECTION */;
